Name,EmailAndy,andy@gmail.comBetty,betty@gmail.comCaren,caren@gmail.comDaryl,daryl@gmail.comEthan,ethan@gmail.comFiona,fiona@gmail.comGino,gino@gmail.comHelen,helen@gmail.comIvy,ivy@gmail.comJay,jay@gmail.comKatty,katty@gmail.comLinda,linda@gmail.comMandy,mandy@gmail.comNancy,nancy@gmail.com